county,lat,long,ID
adams,39.9787786,-91.2110065,0
alexander,37.1801529,-89.3502834,1
bond,38.8630331,-89.4391416,2
boone,42.321246,-88.8235511,3
brown,39.9498214,-90.7485656,4
bureau,41.4016294,-89.5341179,5
calhoun,39.1397507,-90.6506113,6
carroll,42.0647352,-89.9556785,7
cass,39.9682127,-90.250722,8
champaign,40.1164205,-88.2433829,9
christian,39.5212598,-89.2829783,10
clark,39.3260541,-87.7838526,11
clay,38.7340694,-88.4910693,12
clinton,38.5896187,-89.420064,13
coles,39.5266741,-88.2184999,14
cook,41.8197385,-87.756525,15
crawford,39.0131644,-87.7291001,16
cumberland,39.2744299,-88.2423795,17
de witt,40.1734773,-88.9003733,18
douglas,39.7628415,-88.2170516,19
du page,41.9868212,-88.1336506,20
edgar,39.6714952,-87.7340364,21
edwards,38.410254,-88.0584362,22
effingham,39.1201433,-88.54348,23
fayette,39.0001282,-89.0430211,24
ford,40.4980955,-88.2552987,25
franklin,37.9765409,-88.9335327,26
fulton,40.4714305,-90.1845556,27
gallatin,37.7509507,-88.2264519,28
greene,39.3573664,-90.3898985,29
grundy,41.2747363,-88.4119361,30
hamilton,38.0619569,-88.5301136,31
hancock,40.3941712,-91.1458063,32
hardin,37.5137015,-88.2675733,33
henderson,40.8156124,-90.9104547,34
henry,41.3418549,-90.1177442,35
iroquois,40.7351265,-87.8309209,36
jackson,37.7668943,-89.3563845,37
jasper,39.0082423,-88.1552371,38
jefferson,38.3010487,-88.9344303,39
jersey,39.0848464,-90.3303344,40
jo daviess,42.3506664,-90.1743742,41
johnson,37.4501818,-88.8844045,42
kane,41.923434,-88.4248315,43
kankakee,41.1200325,-87.8611531,44
kendall,41.5853584,-88.4319488,45
knox,40.920889,-90.2202325,46
la salle,41.8906567,-87.632396,47
lake,42.079167,-87.7365232,48
lawrence,38.7108998,-87.7194375,49
lee,41.7459056,-89.2888533,50
livingston,40.8682487,-88.5631125,51
logan,40.1075089,-89.3768539,52
macon,39.8455208,-88.9602376,53
macoupin,39.2420653,-89.925212,54
madison,38.811063,-89.9017112,55
marion,37.7306054,-88.9331256,56
marshall,41.0324537,-89.2998456,57
mason,40.2302271,-89.8660433,58
massac,37.2177417,-88.7163312,59
mcdonough,40.4376858,-90.6780272,60
mchenry,42.3294391,-88.4605713,61
mclean,40.4631789,-88.8196613,62
menard,40.0166667,-89.7858065,63
mercer,41.2019729,-90.7398717,64
monroe,38.2722313,-90.1792484,65
montgomery,39.2052633,-89.5057126,66
morgan,39.7062265,-90.190335,67
moultrie,39.6391442,-88.6087498,68
ogle,42.0397014,-89.3138599,69
peoria,40.6938609,-89.5891008,70
perry,38.0772859,-89.3760499,71
piatt,39.967291,-88.6072399,72
pike,39.6108707,-90.8538306,73
pope,37.3933531,-88.5904425,74
pulaski,37.2314232,-89.1183427,75
putnam,41.2025915,-89.2676414,76
randolph,38.0472916,-89.8107962,77
richland,38.7060457,-88.0949352,78
rock island,41.5094771,-90.5787477,79
saline,37.750075,-88.5302584,80
sangamon,39.7623668,-89.6454905,81
schuyler,40.1370869,-90.5697373,82
scott,39.6333408,-90.4753685,83
shelby,39.3665064,-88.7886278,84
st clair,38.4616972,-89.9324347,85
stark,41.0712135,-89.8066831,86
stephenson,42.3503474,-89.6735637,87
tazewell,40.5126429,-89.5442084,88
union,37.4616454,-89.2504793,89
vermilion,40.1749809,-87.7323857,90
wabash,38.4615994,-87.8460903,91
warren,40.8442828,-90.6168408,92
washington,39.76697225,-86.16026715,93
wayne,38.4251958,-88.4197678,94
white,38.0632329,-88.1577725,95
whiteside,41.7612332,-89.9214744,96
will,41.4194058,-87.9994754,97
williamson,37.7248502,-88.9143385,98
winnebago,42.3255276,-89.1496574,99
woodford,40.8145359,-89.2074215,100
adams,40.7371667,-84.9347295,101
allen,41.0975573,-85.0562084,102
bartholomew,39.1914156,-85.8204601,103
benton,40.6034281,-87.3235164,104
blackford,40.4692826,-85.3305529,105
boone,40.0459913,-86.4650842,106
brown,39.1682855,-86.2297004,107
carroll,40.5802239,-86.5693296,108
cass,40.7808235,-86.3449159,109
clark,38.4941217,-85.7169081,110
clay,39.3864958,-87.1025862,111
clinton,40.2992769,-86.4692735,112
crawford,38.304425,-86.444022,113
daviess,38.6776099,-87.0813484,114
dearborn,39.1340338,-84.9820997,115
decatur,39.2862128,-85.4943058,116
delaware,40.2193275,-85.4040612,117
dubois,38.3644324,-86.8870278,118
elkhart,41.6819935,-85.9766671,119
fayette,39.619235,-85.179378,120
floyd,38.299,-85.89332336,121
fountain,40.125252,-87.2497418,122
franklin,39.4806056,-86.0549863,123
fulton,41.0421416,-86.2875206,124
gibson,38.3079744,-87.5775949,125
grant,40.5114735,-85.6540606,126
greene,39.0227107,-86.9958489,127
hamilton,40.0749813,-86.0498885,128
hancock,39.8127873,-85.7874738,129
harrison,38.1816187,-86.1066917,130
hendricks,39.7565309,-86.5173641,131
henry,39.9297608,-85.4043542,132
howard,40.4787061,-86.1350343,133
huntington,40.8008286,-85.5018494,134
jackson,38.9023184,-86.0650856,135
jasper,41.0321808,-87.1066598,136
jay,40.4370864,-85.0212356,137
jefferson,38.8166724,-85.4299489,138
jennings,38.9957749,-85.6359201,139
johnson,39.4891804,-86.1079903,140
knox,38.687009,-87.3811461,141
kosciusko,41.2351957,-85.8529731,142
la porte,41.6105983,-86.7225227,143
lagrange,41.6372578,-85.4216948,144
lake,41.4193829,-87.3692227,145
lawrence,38.8400395,-86.4880717,146
madison,38.7374222,-85.3829812,147
marion,40.5583739,-85.6591442,148
marshall,41.322843,-86.2809625,149
martin,38.6705579,-86.8022436,150
miami,40.6144919,-86.1059443,151
monroe,39.1294237,-86.5187646,152
montgomery,40.0361447,-86.9007083,153
morgan,39.4665575,-86.4556794,154
newton,40.939576,-87.3966953,155
noble,41.3990708,-85.4193348,156
ohio,38.9480496,-84.9581728,157
orange,38.5421361,-86.4953216,158
owen,39.2984518,-86.8508562,159
parke,39.7686321,-87.2158436,160
perry,38.0893386,-86.632911,161
pike,38.4159433,-87.214144,162
porter,41.4457032,-87.0724971,163
posey,38.0145359,-87.8543645,164
pulaski,41.031393,-86.6990692,165
putnam,39.6666195,-86.8374032,166
randolph,40.1560108,-85.011566,167
ripley,39.0846316,-85.2691784,168
rush,39.6220357,-85.4731911,169
scott,38.6727039,-85.7444145,170
shelby,39.493485,-85.8190596,171
spencer,38.0288806,-86.9976446,172
st. joseph,41.1052896,-85.1325566,173
starke,41.2753164,-86.6457565,174
steuben,41.6414101,-85.0023642,175
sullivan,39.0492722,-87.4172644,176
switzerland,38.8249258,-85.0373975,177
tippecanoe,40.3916066,-86.8879689,178
tipton,40.2899154,-86.058442,179
union,39.6196086,-84.9292376,180
vanderburgh,38.0461185,-87.5806553,181
vermillion,39.8763626,-87.4635672,182
vigo,39.4174652,-87.3974269,183
wabash,40.8065352,-85.7833563,184
warren,40.3424546,-87.3564255,185
warrick,38.0906065,-87.2758933,186
washington,38.6592152,-87.172789,187
wayne,39.8638778,-85.0198586,188
wells,40.7013353,-85.2116102,189
white,40.7422434,-86.8713913,190
whitley,41.1238216,-85.5035187,191
adair,41.3127814,-94.4953303,192
adams,41.0161621,-94.6850186,193
allamakee,43.2961731,-91.3961856,194
appanoose,40.7455904,-92.8649061,195
audubon,41.670205,-94.9106526,196
benton,42.0599693,-92.0776319,197
black hawk,42.4607526,-92.3030235,198
boone,42.0171798,-93.9254114,199
bremer,42.7669649,-92.3099856,200
buchanan,42.4634928,-91.8449198,201
buena vista,42.7445814,-95.1127525,202
butler,42.7336512,-92.7819493,203
calhoun,42.3808184,-94.6332459,204
carroll,42.0193628,-94.860335,205
cass,41.3122834,-94.9215151,206
cedar,41.7608608,-91.1263198,207
cerro gordo,43.0742443,-93.2548746,208
cherokee,42.7247968,-95.6249803,209
chickasaw,43.05994,-92.316679,210
clarke,41.0152092,-93.7842976,211
clay,43.0809373,-95.1407762,212
clayton,42.8547706,-91.3667151,213
clinton,41.8444735,-90.1887379,214
crawford,42.020579,-95.3811884,215
dallas,41.6744179,-94.0394437,216
davis,40.7474784,-92.3965311,217
decatur,40.7418231,-93.7994193,218
delaware,42.4663805,-91.3621282,219
des moines,41.5910641,-93.6037149,220
dickinson,43.3753018,-95.1654279,221
dubuque,42.5006217,-90.6647967,222
emmet,43.3707528,-94.6749933,223
fayette,42.8420766,-91.850265,224
floyd,43.0587894,-92.7830539,225
franklin,42.7285907,-93.2513168,226
fremont,40.7345943,-95.5924782,227
greene,42.0182893,-94.4005864,228
grundy,42.4132701,-92.7808666,229
guthrie,41.6721976,-94.4985983,230
hamilton,42.382945,-93.7083849,231
hancock,43.0847702,-93.7363674,232
hardin,42.3840463,-93.2293918,233
harrison,41.6659155,-95.7976315,234
henry,40.9778301,-91.5511282,235
howard,43.3353641,-92.3230007,236
humboldt,42.7756032,-94.1956133,237
ida,42.3788371,-95.4949407,238
iowa,41.683983,-92.0612268,239
jackson,42.1420382,-90.5480067,240
jasper,41.6791308,-93.0647786,241
jefferson,41.0131342,-91.9718642,242
johnson,41.825492,-91.833336,243
jones,42.1081969,-91.1427196,244
keokuk,41.510019,-92.200892,245
kossuth,43.1825351,-94.209098,246
lee,40.6524894,-91.507313,247
linn,42.0631825,-91.6037932,248
louisa,41.206668,-91.2683976,249
lucas,41.0147422,-93.3427643,250
lyon,43.3747071,-96.2081917,251
madison,41.3133406,-94.0167968,252
mahaska,41.314939,-92.6489935,253
marion,42.0341658,-91.5976773,254
marshall,42.0378125,-92.9915704,255
mills,41.0171392,-95.6087477,256
mitchell,43.342033,-92.7840209,257
monona,42.0218737,-95.9356631,258
monroe,41.0142519,-92.8792544,259
montgomery,41.0166807,-95.1753285,260
muscatine,41.424473,-91.0432051,261
osceola,43.3684613,-95.6299944,262
page,40.736337,-95.1602396,263
palo alto,43.0762829,-94.6625047,264
plymouth,42.7369124,-96.2213607,265
pocahontas,42.7262681,-94.6477383,266
polk,41.6765808,-93.5921448,267
pottawattamie,41.3115686,-95.5331269,268
poweshiek,41.6816512,-92.5435034,269
ringgold,40.7399875,-94.2547473,270
sac,42.3797854,-95.0825306,271
scott,41.6251843,-90.6164201,272
shelby,41.668243,-95.3163623,273
sioux,43.0574079,-96.1602368,274
story,42.0161612,-93.489194,275
tama,42.0568108,-92.5433918,276
taylor,38.208544,-85.7732746,277
union,41.015699,-94.2472694,278
van buren,40.749202,-91.9689529,279
wapello,41.0137597,-92.4140217,280
warren,41.3138645,-93.5685324,281
washington,41.3160082,-91.7340327,282
wayne,40.7436612,-93.343458,283
webster,42.4326072,-94.184316,284
winnebago,43.3747879,-93.7316088,285
winneshiek,43.2677179,-91.8563139,286
woodbury,42.3775361,-96.0607187,287
worth,43.3696764,-93.2658698,288
wright,42.7404452,-93.7325849,289
allen,37.8882168,-95.3170208,290
anderson,38.198077,-95.3067461,291
atchison,39.545816,-95.3326052,292
barber,37.2113342,-98.7033263,293
barton,38.4683432,-98.776234,294
bourbon,37.8485797,-94.8679591,295
brown,39.824223,-95.5819952,296
butler,37.77924,-96.8456342,297
chase,38.2928083,-96.6152916,298
chautauqua,37.146335,-96.2656966,299
cherokee,37.1718068,-94.8482069,300
cheyenne,39.7955799,-101.7575491,301
clark,37.2045719,-99.8133765,302
clay,39.3615169,-97.1718432,303
cloud,39.4850226,-97.6705137,304
coffey,38.235413,-95.7498925,305
comanche,37.1960944,-99.2958383,306
cowley,37.2413155,-96.8675685,307
crawford,37.503889,-94.8652466,308
decatur,39.7940527,-100.472769,309
dickinson,38.8790615,-97.1893341,310
doniphan,39.7831556,-95.1776492,311
douglas,38.8838392,-95.2874559,312
edwards,37.8684743,-99.3245584,313
elk,37.4619149,-96.2528451,314
ellis,38.9206744,-99.3267086,315
ellsworth,38.6942009,-98.2149289,316
finney,38.0452481,-100.8199963,317
ford,37.7072469,-99.8943146,318
franklin,38.5720008,-95.3184483,319
geary,38.9885445,-96.7619968,320
gove,38.9030073,-100.5073968,321
graham,39.34062,-99.8980624,322
grant,37.553026,-101.3067042,323
gray,37.7221896,-100.4373907,324
greeley,38.4570355,-101.8185007,325
greenwood,37.8709542,-96.2471338,326
hamilton,38.0058948,-101.8141159,327
harper,37.1922068,-98.0835849,328
harvey,38.0352315,-97.4486267,329
haskell,37.5611249,-100.8840421,330
hodgeman,38.0875979,-99.900952,331
jackson,39.4030917,-95.8159647,332
jefferson,39.2405893,-95.391413,333
jewell,39.795263,-98.2255146,334
johnson,38.8837933,-94.8389141,335
kearny,37.9960049,-101.3523356,336
kingman,37.5420937,-98.122172,337
kiowa,37.5529578,-99.296556,338
labette,37.1899712,-95.3103729,339
lane,38.4651663,-100.4776682,340
leavenworth,39.3113257,-94.922759,341
lincoln,39.0343606,-98.2155504,342
linn,38.1965927,-94.8578272,343
logan,38.9058216,-101.1552381,344
lyon,38.4573987,-96.1683124,345
marion,38.3734544,-97.1305937,346
marshall,39.7865054,-96.5255661,347
mcpherson,38.3659015,-97.6575171,348
meade,37.2091116,-100.396302,349
miami,38.5620514,-94.8557402,350
mitchell,39.3863019,-98.2112629,351
montgomery,37.1983948,-95.7628341,352
morris,38.6908906,-96.6707526,353
morton,37.1960735,-101.8099541,354
nemaha,39.7880532,-96.0157844,355
neosho,37.5566345,-95.33166,356
ness,38.4713429,-99.9586896,357
norton,39.7944702,-99.9100033,358
osage,38.6736049,-95.7367738,359
osborne,39.3351558,-98.7933509,360
ottawa,39.1273653,-97.6568094,361
pawnee,38.1858758,-99.240825,362
phillips,39.7961542,-99.346586,363
pottawatomie,39.3928203,-96.3414279,364
pratt,37.6280602,-98.7485305,365
rawlins,39.7904797,-101.0994722,366
reno,37.930344,-98.1055753,367
republic,39.8266503,-97.6580834,368
rice,38.3266261,-98.2007179,369
riley,39.3026347,-96.7709339,370
rooks,39.3494127,-99.3216587,371
rush,38.5047752,-99.309214,372
russell,38.8970508,-98.7980433,373
saline,38.7704462,-97.6669832,374
scott,38.4584915,-100.9336244,375
sedgwick,37.6448148,-97.4641388,376
seward,37.1850331,-100.8928434,377
shawnee,39.0416718,-94.7202376,378
sheridan,39.3530598,-100.4576457,379
sherman,39.3412127,-101.7492408,380
smith,39.796749,-98.7935393,381
stafford,38.0350094,-98.718816,382
stanton,37.5691072,-101.7935648,383
stevens,37.1929045,-101.3119354,384
sumner,37.2435967,-97.4792142,385
thomas,39.3529613,-101.0810229,386
trego,38.9289979,-99.9130572,387
wabaunsee,38.9468399,-96.1991241,388
wallace,38.9073846,-101.7565099,389
washington,39.7887478,-97.0917391,390
wichita,37.6922361,-97.3375448,391
wilson,37.5692118,-95.7452639,392
woodson,37.8811369,-95.7517113,393
wyandotte,39.1090458,-94.767624,394
adair,37.0954558,-85.289922,395
allen,36.7528961,-86.1924103,396
anderson,38.0096811,-84.9880147,397
ballard,37.0231521,-88.9888619,398
barren,36.9584649,-85.925817,399
bath,38.1245248,-83.7249243,400
bell,36.7370344,-83.6491695,401
boone,38.9589235,-84.7160121,402
bourbon,38.1944867,-84.2046611,403
boyd,38.3608934,-82.6945926,404
boyle,37.6240938,-84.8540572,405
bracken,38.686946,-84.0751461,406
breathitt,37.5248869,-83.2943551,407
breckinridge,37.7406389,-86.4109353,408
bullitt,37.9749498,-85.6742394,409
butler,37.240158,-86.673921,410
caldwell,37.1169666,-87.8391211,411
calloway,36.6257937,-88.271076,412
campbell,38.9339799,-84.3715286,413
carlisle,36.8432751,-88.9636817,414
carroll,38.65718,-85.1000246,415
carter,38.3199171,-83.0039034,416
casey,37.2911032,-84.9146294,417
christian,36.8778665,-87.5014545,418
clark,37.9713791,-84.1550145,419
clay,37.1540436,-83.723144,420
clinton,36.7190018,-85.1426047,421
crittenden,37.3600974,-88.0885106,422
cumberland,36.7934611,-85.3795095,423
daviess,37.6877924,-87.0818357,424
edmonson,37.1999181,-86.2206738,425
elliott,38.1178636,-83.0656398,426
estill,37.6896864,-83.9407279,427
fayette,38.0280648,-84.4722444,428
fleming,38.3663888,-83.6790737,429
floyd,37.5473459,-82.7645621,430
franklin,38.2520423,-84.8633812,431
fulton,36.5577082,-89.102082,432
gallatin,38.7531444,-84.8435828,433
garrard,37.6360342,-84.5408428,434
grant,38.6472221,-84.6162564,435
graves,36.7244966,-88.6569094,436
grayson,37.4537437,-86.3389464,437
green,37.2433976,-85.5346302,438
greenup,38.5108112,-82.9180186,439
hancock,37.8189002,-86.7532261,440
hardin,37.6645815,-85.9634901,441
harlan,36.8411336,-83.22678,442
harrison,38.4355948,-84.3216412,443
hart,37.2921203,-85.8845579,444
henderson,37.8367513,-87.5907631,445
henry,38.447983,-85.1191168,446
hickman,36.6903525,-88.9587214,447
hopkins,37.3006817,-87.5612458,448
jackson,37.4200233,-83.9913882,449
jefferson,38.1787175,-85.664528,450
jessamine,37.8652866,-84.576902,451
johnson,37.8397984,-82.8159642,452
kenton,38.9252546,-84.5331967,453
knott,37.3521946,-82.9314574,454
knox,36.8934427,-83.8545725,455
larue,37.5257936,-85.7027413,456
laurel,37.1000973,-84.1148273,457
lawrence,38.0601807,-82.7316588,458
lee,37.6001442,-83.7073043,459
leslie,37.082981,-83.3750732,460
letcher,37.1208843,-82.8451698,461
lewis,38.5192128,-83.3400338,462
lincoln,37.4657952,-84.6573677,463
livingston,37.1898627,-88.3343825,464
logan,36.823707,-86.8833607,465
lyon,36.9981232,-88.0658149,466
madison,37.7298081,-84.2974735,467
magoffin,37.6859873,-83.039044,468
marion,37.5413747,-85.2650391,469
marshall,36.8624306,-88.3264641,470
martin,37.8022242,-82.5077178,471
mason,38.5755445,-83.8118236,472
mccracken,37.0335839,-88.7107201,473
mccreary,36.735774,-84.4960095,474
mclean,37.5216272,-87.2594272,475
meade,37.9313371,-86.1902231,476
menifee,37.9357602,-83.6014187,477
mercer,37.8087581,-84.8760836,478
metcalfe,36.9767017,-85.6254484,479
monroe,36.699465,-85.7284653,480
montgomery,38.0372304,-83.9152368,481
morgan,37.9198759,-83.2097119,482
muhlenberg,37.1984359,-87.1417319,483
nelson,37.8078463,-85.4741595,484
nicholas,38.3287954,-84.0153581,485
ohio,37.4757698,-86.8560639,486
oldham,38.4975639,-85.4210695,487
owen,38.5303187,-84.819254,488
owsley,37.4082295,-83.681994,489
pendleton,38.6914606,-84.3689142,490
perry,37.2203608,-83.1640699,491
pike,37.4512431,-82.3855722,492
powell,37.8192526,-83.8239902,493
pulaski,37.1124781,-84.593893,494
robertson,38.513372,-84.0465647,495
rockcastle,37.3885959,-84.3254309,496
rowan,38.1822638,-83.4039128,497
russell,38.5173028,-82.6976631,498
scott,38.2776401,-84.5816131,499
shelby,38.2215625,-85.2111267,500
simpson,36.73518,-86.5780102,501
spencer,38.0237475,-85.3203899,502
taylor,37.3396409,-85.3096607,503
todd,36.8098474,-87.1728185,504
trigg,36.7949221,-87.8782433,505
trimble,38.5984202,-85.3221506,506
union,37.637247,-87.958036,507
warren,36.9812407,-86.4233533,508
washington,37.7310874,-85.1750475,509
wayne,36.7822106,-84.8250848,510
webster,37.5139929,-87.6650997,511
whitley,36.7324324,-84.1512134,512
wolfe,37.7430509,-83.4868591,513
woodford,38.0686424,-84.7404532,514
alcona,44.6765986,-83.5908023,515
alger,46.4047895,-86.5280993,516
allegan,42.5867203,-85.8861492,517
alpena,45.0616794,-83.4327528,518
antrim,44.9947369,-85.1133189,519
arenac,44.0608193,-83.8718694,520
baraga,46.6354348,-88.3876368,521
barry,42.5910739,-85.3242417,522
bay,43.6957567,-83.9402747,523
benzie,44.6408868,-85.9928452,524
berrien,41.9838614,-86.3985714,525
branch,41.916753,-85.0649374,526
calhoun,42.2461339,-85.0229223,527
cass,41.9090169,-85.9970051,528
charlevoix,45.202075,-84.9676387,529
cheboygan,45.4417481,-84.4768486,530
chippewa,46.3111149,-84.6428564,531
clare,43.9688673,-84.8505091,532
clinton,42.9435238,-84.6125345,533
crawford,44.6769346,-84.6237147,534
delta,46.0236602,-86.8950252,535
dickinson,45.9874631,-87.8864905,536
eaton,42.5935964,-84.8443666,537
emmet,45.5064041,-84.8567966,538
genesee,43.0220032,-83.7274305,539
gladwin,43.9747774,-84.3873235,540
gogebic,46.403433,-89.6626791,541
grand traverse,44.6409162,-85.5801336,542
gratiot,43.2903117,-84.6098023,543
hillsdale,41.8779105,-84.5984396,544
houghton,46.8591287,-88.7774734,545
huron,43.8385749,-83.0221987,546
ingham,42.5860505,-84.3800841,547
ionia,42.9469688,-85.0713945,548
iosco,44.3501989,-83.6582168,549
iron,46.2178577,-88.5463241,550
isabella,43.6306545,-84.8468516,551
jackson,42.2465036,-84.4016963,552
kalamazoo,42.291707,-85.5872286,553
kalkaska,44.6780512,-85.1002509,554
kent,43.0024013,-85.5502718,555
keweenaw,47.3876058,-88.0742387,556
lake,43.85544805,-87.08197544,557
lapeer,43.0904764,-83.2333705,558
leelanau,44.8878795,-85.8119919,559
lenawee,41.8735258,-84.0624323,560
livingston,42.5924563,-83.9147925,561
luce,46.4824144,-85.5556156,562
mackinac,46.085237,-85.0336698,563
macomb,42.6741189,-82.902901,564
manistee,44.3308044,-86.0262043,565
marquette,46.5434914,-87.396433,566
mason,43.9778831,-86.246291,567
mecosta,43.6375503,-85.3168199,568
menominee,45.5785741,-87.562159,569
midland,43.6155825,-84.2472117,570
missaukee,44.295439,-85.09603638,571
monroe,41.9145037,-83.3968252,572
montcalm,43.3055418,-85.112198,573
montmorency,45.0192008,-84.1322903,574
muskegon,43.2341813,-86.2483921,575
newaygo,43.5121225,-85.7944976,576
oakland,42.6618842,-83.3804439,577
oceana,43.6200297,-86.277073,578
ogemaw,44.3364914,-84.125549,579
ontonagon,46.6471877,-89.3293792,580
osceola,43.9654579,-85.3310847,581
oscoda,44.6789109,-84.1467693,582
otsego,45.0244123,-84.6136788,583
ottawa,41.7672695,-83.5213235,584
presque isle,45.3375258,-83.9567881,585
roscommon,44.3326932,-84.6165164,586
saginaw,43.4200387,-83.9490365,587
sanilac,43.4150687,-82.8234745,588
schoolcraft,46.1902943,-86.1833841,589
shiawassee,42.9429488,-84.1458259,590
st clair,42.9426715,-82.6283554,591
st joseph,41.9031963,-85.5356726,592
tuscola,43.4776781,-83.3951071,593
van buren,42.2710763,-86.013973,594
washtenaw,42.2582044,-83.8440853,595
wayne,42.2819655,-83.3839595,596
wexford,44.3353211,-85.5741088,597
aitkin,46.5714822,-93.3847595,598
anoka,45.2710195,-93.2827625,599
becker,46.9298236,-95.6761851,600
beltrami,47.9978537,-94.8799011,601
benton,45.7162129,-94.0481042,602
big stone,45.385266,-96.3557364,603
blue earth,44.0109722,-94.0560643,604
brown,44.2350232,-94.6955051,605
carlton,46.5799933,-92.7206334,606
carver,44.807118,-93.7871792,607
cass,47.0234117,-94.3454604,608
chippewa,45.027661,-95.5314914,609
chisago,45.4758877,-92.8849411,610
clay,46.8994904,-96.5088202,611
clearwater,47.5643825,-95.3747844,612
cook,47.9149076,-90.47301,613
cottonwood,44.019068,-95.1658845,614
crow wing,46.4665237,-94.1017044,615
dakota,44.666655,-93.044911,616
dodge,44.0175404,-92.8678406,617
douglas,45.9340479,-95.4627651,618
faribault,44.2949637,-93.268827,619
fillmore,43.6466588,-92.0636359,620
freeborn,43.6763617,-93.3501681,621
goodhue,44.396973,-92.7175627,622
grant,45.9358795,-96.0272071,623
hennepin,45.0257232,-93.4865052,624
houston,43.6624222,-91.4685617,625
hubbard,47.1138266,-94.9427679,626
isanti,45.5355919,-93.2868693,627
itasca,47.4968343,-93.6225663,628
jackson,43.670011,-95.1500626,629
kanabec,45.8979481,-93.2901944,630
kandiyohi,45.142373,-95.0025846,631
kittson,48.7709208,-96.8074141,632
koochiching,48.221596,-93.7684251,633
lac qui parle,44.986426,-96.2024907,634
lake of the woods,48.7032282,-94.8480091,635
lake,47.6348022,-91.4394994,636
le sueur,44.3771652,-93.711443,637
lincoln,44.4020631,-96.2627763,638
lyon,44.3880733,-95.8287296,639
mahnomen,47.3313602,-95.8142911,640
marshall,44.446929,-95.788351,641
martin,43.6564337,-94.5498419,642
mcleod,44.8169135,-94.2495251,643
meeker,45.1183643,-94.5175345,644
mille lacs,45.9311972,-93.640356,645
morrison,45.9926837,-94.2554658,646
mower,43.6832277,-92.753704,647
murray,44.017855,-95.7615205,648
nicollet,44.3380412,-94.2362169,649
nobles,43.6634212,-95.7527672,650
norman,47.3194344,-96.4625779,651
olmsted,43.999812,-92.3765614,652
otter tail,46.4184196,-95.713142,653
pennington,48.0513335,-96.0829271,654
pine,46.0820957,-92.7542126,655
pipestone,44.0270012,-96.2566582,656
polk,47.6554613,-96.4193484,657
pope,45.5850258,-95.4469471,658
ramsey,45.0165728,-93.0949501,659
red lake,47.8605178,-96.0988343,660
redwood,44.3788613,-95.2532373,661
renville,44.7242874,-94.9084771,662
rice,44.3413376,-93.2865484,663
rock,43.6733632,-96.2574328,664
roseau,48.7710371,-95.7697882,665
scott,44.6506998,-93.5025726,666
sherburne,45.4427088,-93.7459202,667
sibley,44.5603522,-94.2085682,668
st. louis,47.6201005,-92.4363343,669
stearns,45.535326,-94.6139422,670
steele,44.0137336,-93.2203671,671
stevens,45.5837016,-95.9946194,672
swift,45.2797223,-95.6898654,673
todd,46.0588428,-94.887283,674
traverse,45.7836323,-96.4215265,675
wabasha,44.2767596,-92.2018164,676
wadena,46.5850936,-94.9606684,677
waseca,44.0172242,-93.5885717,678
washington,45.0078591,-92.8743564,679
watonwan,43.9736055,-94.6370354,680
wilkin,46.3258354,-96.4586194,681
winona,44.0500054,-91.6392294,682
wright,45.1489061,-93.9639196,683
yellow medicine,44.7198536,-95.8533555,684
adair,40.1769782,-92.6161167,685
andrew,39.9845508,-94.8090258,686
atchison,40.4144817,-95.4359392,687
audrain,39.2226625,-91.8467268,688
barry,36.7033624,-93.8229669,689
barton,37.5040024,-94.3620755,690
bates,38.2612027,-94.3503613,691
benton,38.2930723,-93.3036786,692
bollinger,37.3310468,-90.0296175,693
boone,39.0153926,-92.3307534,694
buchanan,39.6733203,-94.794829,695
butler,36.7151346,-90.4146358,696
caldwell,39.6558966,-93.9997281,697
callaway,38.8491265,-91.9257607,698
camden,38.0323133,-92.7638327,699
cape girardeau,37.3058839,-89.5181476,700
carroll,39.441912,-93.516971,701
carter,36.9303011,-90.9598933,702
cass,38.6585427,-94.3721539,703
cedar,37.7084225,-93.861222,704
chariton,39.5372927,-92.9524728,705
christian,36.9586087,-93.1692896,706
clark,40.3962004,-91.7362195,707
clay,39.3187409,-94.4046405,708
clinton,39.5975986,-94.4184896,709
cole,38.5189519,-92.2956433,710
cooper,38.8452595,-92.8249579,711
crawford,37.9920098,-91.3156445,712
dade,37.4323036,-93.8406302,713
dallas,37.6832712,-93.0219376,714
daviess,39.9587505,-93.9962662,715
de kalb,39.5869398,-94.9252426,716
dent,37.6211924,-91.5167381,717
douglas,36.9433177,-92.5246813,718
dunklin,36.2156534,-90.0591292,719
franklin,38.4021095,-91.0841241,720
gasconade,38.4575789,-91.5177499,721
gentry,40.2044898,-94.4159527,722
greene,37.2671929,-93.3465486,723
grundy,40.1075648,-93.5737817,724
harrison,40.337172,-93.9845199,725
henry,38.3791027,-93.8066565,726
hickory,37.959055,-93.3334746,727
holt,40.0989571,-95.2134565,728
howard,39.1321077,-92.7181732,729
howell,36.766989,-91.9151975,730
iron,37.575509,-90.6953467,731
jackson,38.985812,-94.3616622,732
jasper,37.176515,-94.3103412,733
jefferson,38.267166,-90.5721889,734
johnson,38.7295547,-93.8161034,735
knox,40.122723,-92.1573551,736
laclede,37.6475206,-92.6324187,737
lafayette,39.0603689,-93.8151868,738
lawrence,37.1036975,-93.8535681,739
lewis,40.0902418,-91.7013355,740
lincoln,39.0605477,-90.959359,741
linn,39.8652349,-93.1104004,742
livingston,39.7639036,-93.5573919,743
macon,39.8416253,-92.5675118,744
madison,37.4914691,-90.3567669,745
maries,38.1683782,-91.928925,746
marion,39.8080573,-91.6318781,747
mcdonald,36.6259839,-94.3529462,748
mercer,40.4095007,-93.5788706,749
miller,38.2118765,-92.4343544,750
mississippi,39.548248,-91.153628,751
moniteau,38.6074608,-92.5851064,752
monroe,39.494421,-91.9896892,753
montgomery,38.9682313,-91.4821326,754
morgan,38.4177341,-92.9183724,755
new madrid,36.5749606,-89.6780945,756
newton,36.9070237,-94.3424195,757
nodaway,40.3483437,-94.8723663,758
oregon,36.6909747,-91.4219804,759
osage,38.4637283,-91.8708392,760
ozark,36.6467816,-92.4575198,761
pemiscot,36.2104949,-89.8351486,762
perry,37.7107349,-89.8430248,763
pettis,38.7346291,-93.2991713,764
phelps,37.913292,-91.8168126,765
pike,39.3683251,-91.1825617,766
platte,39.3770348,-94.7716306,767
polk,37.6200803,-93.4087994,768
pulaski,37.8402606,-92.2248398,769
putnam,40.4890407,-92.9709709,770
ralls,39.552012,-91.547611,771
randolph,39.4418988,-92.5009215,772
ray,39.3661726,-93.9888262,773
reynolds,37.3762658,-90.9659462,774
ripley,36.6478735,-90.8887906,775
saline,39.1256186,-93.2300648,776
schuyler,40.4644896,-92.5152037,777
scotland,40.4479304,-92.1527305,778
scott,37.0516647,-89.5523071,779
shannon,37.1498052,-91.4328245,780
shelby,39.8004535,-92.071021,781
st charles,38.7829598,-90.481424,782
st clair,38.0592942,-93.7945456,783
st francois,37.7763775,-90.5089041,784
st louis,38.6268039,-90.1994097,785
ste genevieve,37.88958,-90.1856637,786
ste. genevieve,37.88958,-90.1856637,787
stoddard,36.8556646,-89.9451636,788
stone,36.7377156,-93.4555059,789
sullivan,40.1993002,-93.1140993,790
taney,36.6563729,-93.0665776,791
texas,37.3354601,-91.9808332,792
vernon,37.8639924,-94.3800151,793
warren,38.7535106,-91.1453948,794
washington,38.5610623,-91.0130208,795
wayne,37.1129133,-90.4809149,796
webster,37.2895151,-92.8792111,797
worth,40.4684837,-94.4176406,798
wright,37.2731008,-92.4765999,799
adams,40.5125798,-98.5148588,800
antelope,42.1864809,-98.0716943,801
arthur,41.5721288,-101.6974898,802
banner,41.5563636,-103.7384564,803
blaine,41.9195837,-99.979237,804
boone,41.7103804,-98.0544842,805
box butte,42.2130279,-103.0700157,806
boyd,42.916011,-98.7614212,807
brown,42.4068829,-99.9120353,808
buffalo,40.8421618,-99.0845816,809
burt,41.855662,-96.3357902,810
butler,41.2142454,-97.1384119,811
cass,40.9017313,-96.1922102,812
cedar,42.5947161,-97.2399373,813
chase,40.5217576,-101.6931758,814
cherry,42.5560174,-101.1503042,815
cheyenne,41.2053619,-102.9796713,816
clay,40.5020772,-98.0695257,817
colfax,41.5738643,-97.0828487,818
cuming,41.9233919,-96.7921475,819
custer,41.4022198,-99.7272241,820
dakota,42.4049316,-96.5677015,821
dawes,42.71723,-103.1216528,822
dawson,40.8776438,-99.8505693,823
deuel,41.1097054,-102.3261249,824
dixon,42.4351249,-96.8792569,825
dodge,41.58577,-96.6789773,826
douglas,41.2954112,-96.1415672,827
dundy,40.1849874,-101.6959427,828
fillmore,40.5292953,-97.599729,829
franklin,40.1715234,-98.9687585,830
frontier,40.5520473,-100.4230266,831
furnas,40.1791278,-99.8981009,832
gage,40.2469449,-96.7021336,833
garden,41.6440533,-102.3392806,834
garfield,41.895743,-99.0097985,835
gosper,40.5145053,-99.8185651,836
grant,41.9231444,-101.7354061,837
greeley,41.5595746,-98.5300914,838
hall,40.8627335,-98.5122907,839
hamilton,40.8569853,-98.0470062,840
harlan,40.1617382,-99.4349368,841
hayes,40.5335592,-101.0605971,842
hitchcock,40.1659573,-101.0387468,843
holt,42.4304452,-98.7540783,844
hooker,41.9078471,-101.1572302,845
howard,41.227424,-98.5174349,846
jefferson,40.185543,-97.1786805,847
johnson,40.3915587,-96.2796179,848
kearney,40.699478,-99.081858,849
keith,41.1973065,-101.6862537,850
keya paha,42.8866032,-99.6995454,851
kimball,41.1881305,-103.6997645,852
knox,42.6206698,-97.8901445,853
lancaster,40.7768326,-96.7111039,854
lincoln,40.8,-96.667821,855
logan,41.5590057,-100.5030548,856
loup,41.9075834,-99.4608177,857
madison,41.9064942,-97.5961512,858
mcpherson,41.5621689,-101.082432,859
merrick,41.1650536,-98.0531937,860
morrill,41.683432,-103.0100258,861
nance,41.3947359,-98.002421,862
nemaha,40.3837713,-95.8518344,863
nuckolls,40.1621285,-98.047997,864
otoe,40.6566851,-96.1444582,865
pawnee,40.1223248,-96.2629022,866
perkins,40.8501242,-101.6522162,867
phelps,40.5078647,-99.425665,868
pierce,42.2591262,-97.6036812,869
platte,41.5760383,-97.51149,870
polk,41.1893645,-97.570244,871
red willow,40.1686191,-100.4550901,872
richardson,40.1194651,-95.7607517,873
rock,42.4152603,-99.456071,874
saline,40.5079612,-97.175536,875
sarpy,41.1193462,-96.093081,876
saunders,41.2260007,-96.6520834,877
scotts bluff,41.8555787,-103.7088303,878
seward,40.8695533,-97.1706676,879
sheridan,42.4542885,-102.4089285,880
sherman,41.2206877,-98.99384,881
sioux,42.5055628,-103.7745337,882
stanton,41.9220687,-97.2141158,883
thayer,40.1682672,-97.6348188,884
thomas,41.9116541,-100.5558924,885
thurston,42.1837827,-96.5394986,886
valley,41.5595723,-98.9805484,887
washington,41.5407766,-96.246548,888
wayne,42.1941294,-97.169623,889
webster,40.1677552,-98.5260923,890
wheeler,41.8998069,-98.5309487,891
york,40.868095,-97.592026,892
adams,46.073286,-102.5315028,893
barnes,46.9310489,-98.0678849,894
benson,48.0191362,-99.403103,895
billings,47.0456305,-103.3943708,896
bottineau,48.82723,-100.445698,897
bowman,46.1830618,-103.3949061,898
burke,48.7882181,-102.5295867,899
burleigh,46.9498874,-100.5127667,900
cass,46.9241972,-97.220631,901
cavalier,48.7938814,-97.6223098,902
dickey,46.0952757,-98.5322728,903
divide,48.8189219,-103.5180387,904
dunn,47.30612,-102.6112348,905
eddy,47.7113958,-98.9087265,906
emmons,46.2575403,-100.2574942,907
foster,47.4642277,-98.8815333,908
golden valley,46.9317944,-103.8668414,909
grand forks,47.9078244,-97.0592028,910
grant,46.3441037,-101.6261837,911
griggs,47.4473179,-98.2616158,912
hettinger,46.0013946,-102.6368239,913
kidder,46.9636218,-99.7952675,914
la moure,48.8319389,-97.9298186,915
logan,46.4650338,-99.4501721,916
mchenry,48.1907427,-100.65378,917
mcintosh,46.1097938,-99.4243411,918
mckenzie,47.7702536,-103.4734684,919
mclean,47.6002156,-101.1719782,920
mercer,47.3347663,-101.8650031,921
morton,46.7244733,-101.1644543,922
mountrail,48.230321,-102.3603325,923
nelson,47.8852229,-98.1774434,924
oliver,47.1077709,-101.3524486,925
pembina,48.7530787,-97.5532833,926
pierce,48.1957108,-100.0625504,927
ramsey,48.2426199,-98.7062419,928
ransom,46.4519081,-97.6903091,929
renville,48.6579169,-101.7009103,930
richland,46.2247251,-96.9470748,931
rolette,48.7419695,-99.8380336,932
sargent,46.1101793,-97.6291809,933
sheridan,47.5321614,-100.367913,934
sioux,46.0654725,-100.978187,935
slope,46.4464651,-103.4507022,936
stark,46.7870161,-102.7338349,937
steele,47.4413054,-97.7450372,938
stutsman,46.9596318,-98.9742609,939
towner,48.6481504,-99.2322581,940
traill,47.4438504,-97.1797001,941
walsh,48.3693784,-97.7469943,942
ward,48.2488309,-101.6242607,943
wells,47.5664224,-99.6508819,944
williams,48.3629861,-103.4958386,945
adams,38.8398935,-83.5051704,946
allen,40.8077797,-84.0572225,947
ashland,40.7887367,-82.2360391,948
ashtabula,41.7167229,-80.74947,949
athens,39.3289242,-82.1012479,950
auglaize,40.5942186,-84.2641951,951
belmont,40.0057737,-81.0097516,952
brown,38.9092542,-83.8836555,953
butler,39.4233043,-84.5936897,954
carroll,40.5250362,-81.0927234,955
champaign,40.1726987,-83.7701999,956
clark,39.9229676,-83.7905959,957
clermont,39.0678155,-84.1566341,958
clinton,39.4259873,-83.8445792,959
columbiana,40.7787016,-80.7648602,960
coshocton,40.2905684,-81.9271441,961
crawford,40.8705909,-82.9065596,962
cuyahoga,41.4301347,-81.6905558,963
darke,40.168765,-84.631372,964
defiance,41.3203058,-84.5084835,965
delaware,40.2317686,-82.9651045,966
erie,41.3506462,-82.640448,967
fairfield,39.7886111,-82.6418883,968
fayette,39.5839889,-83.4401122,969
franklin,40.0283162,-83.0076657,970
fulton,41.6045817,-84.1141048,971
gallia,38.7952465,-82.3556216,972
geauga,41.4768249,-81.1850459,973
greene,39.6908207,-83.9175037,974
guernsey,40.0802222,-81.4859433,975
hamilton,39.2085354,-84.5501874,976
hancock,40.9939911,-83.6587588,977
hardin,40.6880457,-83.6835337,978
harrison,40.2694328,-81.1289112,979
henry,41.2818109,-84.0581255,980
highland,39.1802516,-83.6304344,981
hocking,39.4644491,-82.5469722,982
holmes,40.5840117,-81.9304045,983
huron,41.1305303,-82.591828,984
jackson,39.0131871,-82.6089043,985
jefferson,40.3792938,-80.7847619,986
knox,40.4467896,-82.4056302,987
lake,41.7064789,-81.2380032,988
lawrence,38.6065461,-82.5702511,989
licking,40.1318041,-82.4627856,990
logan,40.4430521,-83.7414465,991
lorain,41.4673238,-82.1781904,992
lucas,41.6508446,-83.621321,993
madison,39.8868227,-83.3937233,994
mahoning,40.9830133,-80.7826416,995
marion,40.5885271,-83.1895249,996
medina,41.1000764,-81.9382517,997
meigs,39.1099292,-82.0420769,998
mercer,40.4367866,-84.6109122,999
miami,40.0580258,-84.2236524,1000
monroe,39.7157533,-81.1078783,1001
montgomery,39.6837328,-84.2854817,1002
morgan,39.5943953,-81.877978,1003
morrow,40.4574358,-82.7771661,1004
muskingum,40.0064162,-81.9984697,1005
noble,39.7517148,-81.4957347,1006
ottawa,41.5421375,-83.213342,1007
paulding,41.1628401,-84.5902954,1008
perry,39.6370289,-82.2044367,1009
pickaway,39.6725327,-83.0373284,1010
pike,39.1056387,-83.0611404,1011
portage,41.1496775,-81.2082,1012
preble,39.8125011,-84.6411162,1013
putnam,41.0677672,-84.1686932,1014
richland,40.776322,-82.5302254,1015
ross,39.3455507,-83.077359,1016
sandusky,41.4489397,-82.7079605,1017
scioto,38.823448,-83.017141,1018
seneca,41.1343702,-83.1194199,1019
shelby,40.3491604,-84.1593008,1020
stark,40.7214654,-81.4399734,1021
summit,41.1457902,-81.5333603,1022
trumbull,41.3068487,-80.7661017,1023
tuscarawas,40.3759469,-81.464888,1024
union,40.3255937,-83.3676859,1025
van wert,40.8014651,-84.600988,1026
vinton,39.2744355,-82.4740302,1027
warren,39.4203978,-84.180897,1028
washington,39.4782641,-81.5488945,1029
wayne,40.8615819,-81.9034617,1030
williams,41.5018224,-84.5923785,1031
wood,41.2776661,-83.6643025,1032
wyandot,40.865471,-83.2810539,1033
aurora,43.6963371,-98.5722461,1034
beadle,44.4157764,-98.2751583,1035
bennett,43.1854085,-101.655263,1036
bon homme,43.0067408,-97.8721324,1037
brookings,44.311461,-96.79844,1038
brown,45.5832968,-98.3674786,1039
brule,43.6848301,-99.0538876,1040
buffalo,44.0646363,-99.1707339,1041
butte,44.9121731,-103.5267067,1042
campbell,45.7560544,-100.0441548,1043
charles mix,43.2257871,-98.6162758,1044
clark,44.8684319,-97.7431382,1045
clay,42.9190617,-96.9712933,1046
codington,44.9695646,-97.1976513,1047
corson,45.7135207,-101.1797766,1048
custer,43.766651,-103.598806,1049
davison,43.6660467,-98.1383168,1050
day,45.3658879,-97.6152661,1051
deuel,44.7554353,-96.671551,1052
dewey,45.1788983,-100.8592127,1053
douglas,43.3969325,-98.3406673,1054
edmunds,45.4163408,-99.2220208,1055
fall river,43.2264954,-103.5791473,1056
faulk,45.0743643,-99.1739778,1057
grant,45.1690114,-96.7057561,1058
gregory,43.1713788,-99.1674843,1059
haakon,44.2887741,-101.5756888,1060
hamlin,44.6754502,-97.2005816,1061
hand,44.5405047,-99.0053027,1062
hanson,43.6615541,-97.7945361,1063
harding,45.5509163,-103.4791412,1064
hughes,44.4047339,-99.946102,1065
hutchinson,43.3271413,-97.7396791,1066
hyde,44.5103405,-99.4936719,1067
jackson,43.668546,-101.6595883,1068
jerauld,44.0797601,-98.6182042,1069
jones,43.9667174,-100.6853793,1070
kingsbury,44.3631469,-97.4882433,1071
lake,44.0188394,-97.1267291,1072
lawrence,44.3501591,-103.8248538,1073
lincoln,43.2724187,-96.7387762,1074
lyman,43.9176386,-99.8581638,1075
marshall,45.7619018,-97.6300108,1076
mccook,43.6719795,-97.37153,1077
mcpherson,45.7350535,-99.2473056,1078
meade,44.5263375,-102.6463435,1079
mellette,43.561525,-100.7249944,1080
miner,44.0129518,-97.6043451,1081
minnehaha,43.6680284,-96.7837626,1082
moody,43.998215,-96.6671385,1083
oglala lakota,43.2977026,-102.5637516,1084
pennington,43.9955746,-102.7854668,1085
perkins,45.5288022,-102.5053545,1086
potter,45.0764805,-99.9607952,1087
roberts,45.6000291,-97.0000238,1088
sanborn,44.0089691,-98.0834349,1089
spink,44.9438314,-98.3730958,1090
stanley,44.4189684,-100.802728,1091
sully,44.7173891,-100.0690149,1092
todd,43.184924,-100.7438395,1093
tripp,43.3235158,-99.8941094,1094
turner,43.3256378,-97.136978,1095
union,42.8717888,-96.6772947,1096
walworth,45.4043853,-100.0072972,1097
washabaugh,43.569991,-101.660339,1098
washington,30.528989,-98.357235,1099
yankton,42.8712938,-97.3967011,1100
ziebach,44.9241074,-101.7110445,1101